cell	label
kerneler_#_starter-advance-u-s-international-0372e8f9-5_#_1	6
kerneler_#_starter-advance-u-s-international-0372e8f9-5_#_12	1
kerneler_#_starter-advance-u-s-international-1a208fc9-3_#_12	1
kerneler_#_starter-advance-u-s-international-1fc4dedd-1_#_12	1
kerneler_#_starter-advance-u-s-international-3f334c36-c_#_12	1
kerneler_#_starter-advance-u-s-international-f808b56e-4_#_12	1
arrowsx_#_crypto-currency-a-plotly-sklearn-tutorial_#_1	6
bhasha4995dushara_#_dv-time-series-plotting-ex-2_#_13	6
douglaswchung_#_time-series-plotting_#_11	5
evanmiller_#_cryptic-calculations-elasticnet-epicness_#_1	2
shelars1985_#_bitcoin-vs-ethereum-candlestick-chart-at-the-end_#_1	5
gattoni_#_fraud-detection-analysis-with-nn_#_2	1
gattoni_#_fraud-detection-analysis-with-nn_#_3	5
gattoni_#_fraud-detection-analysis-with-nn_#_4	5
gattoni_#_fraud-detection-analysis-with-nn_#_5	2
gattoni_#_fraud-detection-analysis-with-nn_#_6	5
gattoni_#_fraud-detection-analysis-with-nn_#_7	5
gattoni_#_fraud-detection-analysis-with-nn_#_8	2
gattoni_#_fraud-detection-analysis-with-nn_#_9	5
gattoni_#_fraud-detection-analysis-with-nn_#_10	5
gattoni_#_fraud-detection-analysis-with-nn_#_11	2
gattoni_#_fraud-detection-analysis-with-nn_#_12	5
gattoni_#_fraud-detection-analysis-with-nn_#_13	5
gattoni_#_fraud-detection-analysis-with-nn_#_14	2
gattoni_#_fraud-detection-analysis-with-nn_#_15	5
gattoni_#_fraud-detection-analysis-with-nn_#_16	2
gattoni_#_fraud-detection-analysis-with-nn_#_17	2
gattoni_#_fraud-detection-analysis-with-nn_#_18	5
gattoni_#_fraud-detection-analysis-with-nn_#_19	5
gattoni_#_fraud-detection-analysis-with-nn_#_20	3
gattoni_#_fraud-detection-analysis-with-nn_#_21	2
gattoni_#_fraud-detection-analysis-with-nn_#_22	2
gattoni_#_fraud-detection-analysis-with-nn_#_23	3
gattoni_#_fraud-detection-analysis-with-nn_#_24	2
gattoni_#_fraud-detection-analysis-with-nn_#_25	5
gattoni_#_fraud-detection-analysis-with-nn_#_26	2
gattoni_#_fraud-detection-analysis-with-nn_#_27	2
gattoni_#_fraud-detection-analysis-with-nn_#_28	5
gattoni_#_fraud-detection-analysis-with-nn_#_29	3
gattoni_#_fraud-detection-analysis-with-nn_#_30	2
gattoni_#_fraud-detection-analysis-with-nn_#_31	2
gattoni_#_fraud-detection-analysis-with-nn_#_32	3
gattoni_#_fraud-detection-analysis-with-nn_#_33	3
gattoni_#_fraud-detection-analysis-with-nn_#_34	3
gattoni_#_fraud-detection-analysis-with-nn_#_35	3
gattoni_#_fraud-detection-analysis-with-nn_#_36	3
gattoni_#_fraud-detection-analysis-with-nn_#_37	4
gattoni_#_fraud-detection-analysis-with-nn_#_38	4
gattoni_#_fraud-detection-analysis-with-nn_#_40	1
gattoni_#_fraud-detection-analysis-with-nn_#_41	2
gattoni_#_fraud-detection-analysis-with-nn_#_42	2
gattoni_#_fraud-detection-analysis-with-nn_#_43	5
gattoni_#_fraud-detection-analysis-with-nn_#_44	3
gattoni_#_fraud-detection-analysis-with-nn_#_45	2
gattoni_#_fraud-detection-analysis-with-nn_#_47	3
gattoni_#_fraud-detection-analysis-with-nn_#_49	2
gattoni_#_fraud-detection-analysis-with-nn_#_50	3
gattoni_#_fraud-detection-analysis-with-nn_#_51	3
gattoni_#_fraud-detection-analysis-with-nn_#_52	3
gattoni_#_fraud-detection-analysis-with-nn_#_53	4
gattoni_#_fraud-detection-analysis-with-nn_#_54	3
gattoni_#_fraud-detection-analysis-with-nn_#_56	4
gattoni_#_fraud-detection-analysis-with-nn_#_57	4
gattoni_#_fraud-detection-analysis-with-nn_#_58	4
gattoni_#_fraud-detection-analysis-with-nn_#_61	2
gattoni_#_fraud-detection-analysis-with-nn_#_62	3
gattoni_#_fraud-detection-analysis-with-nn_#_63	3
gattoni_#_fraud-detection-analysis-with-nn_#_64	4
gattoni_#_fraud-detection-analysis-with-nn_#_65	4
gattoni_#_fraud-detection-analysis-with-nn_#_67	4
gattoni_#_fraud-detection-analysis-with-nn_#_68	4
gattoni_#_fraud-detection-analysis-with-nn_#_70	4
gattoni_#_fraud-detection-analysis-with-nn_#_71	4
gattoni_#_fraud-detection-analysis-with-nn_#_72	1
gattoni_#_fraud-detection-analysis-with-nn_#_73	2
gattoni_#_fraud-detection-analysis-with-nn_#_74	2
gattoni_#_fraud-detection-analysis-with-nn_#_75	2
gattoni_#_fraud-detection-analysis-with-nn_#_76	5
gattoni_#_fraud-detection-analysis-with-nn_#_77	2
gattoni_#_fraud-detection-analysis-with-nn_#_78	2
gattoni_#_fraud-detection-analysis-with-nn_#_79	2
gattoni_#_fraud-detection-analysis-with-nn_#_80	2
gokulkarthik_#_finding-similar-credit-card-transactions_#_3	1
gokulkarthik_#_finding-similar-credit-card-transactions_#_4	2
gokulkarthik_#_finding-similar-credit-card-transactions_#_5	5
gokulkarthik_#_finding-similar-credit-card-transactions_#_6	2
gokulkarthik_#_finding-similar-credit-card-transactions_#_7	2
gokulkarthik_#_finding-similar-credit-card-transactions_#_8	5
gokulkarthik_#_finding-similar-credit-card-transactions_#_9	5
gokulkarthik_#_finding-similar-credit-card-transactions_#_10	2
gokulkarthik_#_finding-similar-credit-card-transactions_#_11	5
gokulkarthik_#_finding-similar-credit-card-transactions_#_12	2
gokulkarthik_#_finding-similar-credit-card-transactions_#_14	2
gokulkarthik_#_finding-similar-credit-card-transactions_#_15	2
gokulkarthik_#_finding-similar-credit-card-transactions_#_22	3
gokulkarthik_#_finding-similar-credit-card-transactions_#_24	5
gokulkarthik_#_finding-similar-credit-card-transactions_#_25	2
gpreda_#_credit-card-fraud-detection-predictive-models_#_2	1
gpreda_#_credit-card-fraud-detection-predictive-models_#_3	2
gpreda_#_credit-card-fraud-detection-predictive-models_#_4	5
gpreda_#_credit-card-fraud-detection-predictive-models_#_5	2
gpreda_#_credit-card-fraud-detection-predictive-models_#_6	2
gpreda_#_credit-card-fraud-detection-predictive-models_#_7	5
gpreda_#_credit-card-fraud-detection-predictive-models_#_8	2
gpreda_#_credit-card-fraud-detection-predictive-models_#_9	2
gpreda_#_credit-card-fraud-detection-predictive-models_#_10	2
gpreda_#_credit-card-fraud-detection-predictive-models_#_11	2
gpreda_#_credit-card-fraud-detection-predictive-models_#_12	2
gpreda_#_credit-card-fraud-detection-predictive-models_#_13	5
gpreda_#_credit-card-fraud-detection-predictive-models_#_14	5
gpreda_#_credit-card-fraud-detection-predictive-models_#_15	5
gpreda_#_credit-card-fraud-detection-predictive-models_#_16	5
gpreda_#_credit-card-fraud-detection-predictive-models_#_17	3
gpreda_#_credit-card-fraud-detection-predictive-models_#_18	2
gpreda_#_credit-card-fraud-detection-predictive-models_#_19	3
gpreda_#_credit-card-fraud-detection-predictive-models_#_20	3
gpreda_#_credit-card-fraud-detection-predictive-models_#_21	3
gpreda_#_credit-card-fraud-detection-predictive-models_#_22	5
gpreda_#_credit-card-fraud-detection-predictive-models_#_23	4
gpreda_#_credit-card-fraud-detection-predictive-models_#_24	4
gpreda_#_credit-card-fraud-detection-predictive-models_#_25	3
gpreda_#_credit-card-fraud-detection-predictive-models_#_26	3
gpreda_#_credit-card-fraud-detection-predictive-models_#_27	3
gpreda_#_credit-card-fraud-detection-predictive-models_#_28	4
gpreda_#_credit-card-fraud-detection-predictive-models_#_29	4
gpreda_#_credit-card-fraud-detection-predictive-models_#_30	4
gpreda_#_credit-card-fraud-detection-predictive-models_#_31	3
gpreda_#_credit-card-fraud-detection-predictive-models_#_32	3
gpreda_#_credit-card-fraud-detection-predictive-models_#_33	3
gpreda_#_credit-card-fraud-detection-predictive-models_#_35	4
gpreda_#_credit-card-fraud-detection-predictive-models_#_36	4
gpreda_#_credit-card-fraud-detection-predictive-models_#_37	3
gpreda_#_credit-card-fraud-detection-predictive-models_#_38	3
gpreda_#_credit-card-fraud-detection-predictive-models_#_39	4
gpreda_#_credit-card-fraud-detection-predictive-models_#_40	4
gpreda_#_credit-card-fraud-detection-predictive-models_#_41	4
gpreda_#_credit-card-fraud-detection-predictive-models_#_42	3
gpreda_#_credit-card-fraud-detection-predictive-models_#_44	3
gpreda_#_credit-card-fraud-detection-predictive-models_#_45	4
gpreda_#_credit-card-fraud-detection-predictive-models_#_46	4
gpreda_#_credit-card-fraud-detection-predictive-models_#_47	4
gunhee_#_stop-police_#_2	1
gunhee_#_stop-police_#_3	5
gunhee_#_stop-police_#_4	5
gunhee_#_stop-police_#_5	2
gunhee_#_stop-police_#_6	2
gunhee_#_stop-police_#_8	5
gunhee_#_stop-police_#_9	2
gunhee_#_stop-police_#_10	5
gunhee_#_stop-police_#_11	5
gunhee_#_stop-police_#_12	3
gunhee_#_stop-police_#_13	3
gunhee_#_stop-police_#_14	4
gunhee_#_stop-police_#_15	4
gunhee_#_stop-police_#_16	4
gunhee_#_stop-police_#_17	2
gunhee_#_stop-police_#_18	2
gunhee_#_stop-police_#_19	3
gunhee_#_stop-police_#_20	4
gunhee_#_stop-police_#_21	4
gunhee_#_stop-police_#_23	2
gunhee_#_stop-police_#_24	2
gunhee_#_stop-police_#_25	2
gunhee_#_stop-police_#_26	3
gunhee_#_stop-police_#_27	4
gunhee_#_stop-police_#_28	4
gunhee_#_stop-police_#_30	3
gunhee_#_stop-police_#_31	4
gunhee_#_stop-police_#_32	4
gunhee_#_stop-police_#_33	4
gunhee_#_stop-police_#_35	2
gunhee_#_stop-police_#_36	3
gunhee_#_stop-police_#_38	3
gunhee_#_stop-police_#_39	4
gunhee_#_stop-police_#_40	4
gunjan17_#_farud-detection-with-93-accuracy_#_3	1
gunjan17_#_farud-detection-with-93-accuracy_#_4	5
gunjan17_#_farud-detection-with-93-accuracy_#_5	2
gunjan17_#_farud-detection-with-93-accuracy_#_6	5
gunjan17_#_farud-detection-with-93-accuracy_#_7	2
gunjan17_#_farud-detection-with-93-accuracy_#_8	2
gunjan17_#_farud-detection-with-93-accuracy_#_9	6
gunjan17_#_farud-detection-with-93-accuracy_#_11	3
gunjan17_#_farud-detection-with-93-accuracy_#_13	2
gunjan17_#_farud-detection-with-93-accuracy_#_14	3
gunjan17_#_farud-detection-with-93-accuracy_#_15	3
gunjan17_#_farud-detection-with-93-accuracy_#_16	4
gunjan17_#_farud-detection-with-93-accuracy_#_17	3
gunjan17_#_farud-detection-with-93-accuracy_#_19	4
gunjan17_#_farud-detection-with-93-accuracy_#_20	4
gunjan17_#_farud-detection-with-93-accuracy_#_24	4
gunjan17_#_farud-detection-with-93-accuracy_#_25	4
gunjan17_#_farud-detection-with-93-accuracy_#_26	4
gunjan17_#_farud-detection-with-93-accuracy_#_28	4
gunjan17_#_farud-detection-with-93-accuracy_#_29	4
gunjan17_#_farud-detection-with-93-accuracy_#_30	4
gunjan17_#_farud-detection-with-93-accuracy_#_32	4
gunjan17_#_farud-detection-with-93-accuracy_#_34	3
gunjan17_#_farud-detection-with-93-accuracy_#_35	3
gunjan17_#_farud-detection-with-93-accuracy_#_36	4
gunjan17_#_farud-detection-with-93-accuracy_#_37	4
gunjan17_#_farud-detection-with-93-accuracy_#_38	3
gunjan17_#_farud-detection-with-93-accuracy_#_40	4
gunjan17_#_farud-detection-with-93-accuracy_#_41	4
gunjan17_#_farud-detection-with-93-accuracy_#_42	4
gw00207_#_effect-of-over-under-sampling-on-anomaly-detection_#_2	1
gw00207_#_effect-of-over-under-sampling-on-anomaly-detection_#_3	2
gw00207_#_effect-of-over-under-sampling-on-anomaly-detection_#_4	3
gw00207_#_effect-of-over-under-sampling-on-anomaly-detection_#_5	4
gw00207_#_effect-of-over-under-sampling-on-anomaly-detection_#_6	4
hackingdata_#_find-that-fraudster_#_2	1
hackingdata_#_find-that-fraudster_#_3	2
hackingdata_#_find-that-fraudster_#_4	5
hackingdata_#_find-that-fraudster_#_5	2
hackingdata_#_find-that-fraudster_#_6	5
hackingdata_#_find-that-fraudster_#_7	5
hackingdata_#_find-that-fraudster_#_8	2
hackingdata_#_find-that-fraudster_#_9	2
hackingdata_#_find-that-fraudster_#_10	2
hackingdata_#_find-that-fraudster_#_11	2
hackingdata_#_find-that-fraudster_#_12	2
hackingdata_#_find-that-fraudster_#_13	2
hackingdata_#_find-that-fraudster_#_14	2
hackingdata_#_find-that-fraudster_#_15	4
hackingdata_#_find-that-fraudster_#_17	3
hackingdata_#_find-that-fraudster_#_20	4
hackingdata_#_find-that-fraudster_#_24	3
hackingdata_#_find-that-fraudster_#_25	4
hackingdata_#_find-that-fraudster_#_26	4
hackingdata_#_find-that-fraudster_#_27	4
hackingdata_#_find-that-fraudster_#_29	3
hackingdata_#_find-that-fraudster_#_30	4
hackingdata_#_find-that-fraudster_#_31	4
hackingdata_#_find-that-fraudster_#_32	4
hackingdata_#_find-that-fraudster_#_33	4
hackingdata_#_find-that-fraudster_#_34	2
hackingdata_#_find-that-fraudster_#_35	4
hacpcf_#_credit-fraud-detection-eda_#_2	1
hacpcf_#_credit-fraud-detection-eda_#_3	5
hacpcf_#_credit-fraud-detection-eda_#_4	2
hacpcf_#_credit-fraud-detection-eda_#_5	5
hacpcf_#_credit-fraud-detection-eda_#_6	2
hacpcf_#_credit-fraud-detection-eda_#_7	5
hacpcf_#_credit-fraud-detection-eda_#_8	5
hacpcf_#_credit-fraud-detection-eda_#_9	2
hacpcf_#_credit-fraud-detection-eda_#_10	2
hacpcf_#_credit-fraud-detection-eda_#_11	5
hacpcf_#_credit-fraud-detection-eda_#_12	2
hacpcf_#_credit-fraud-detection-eda_#_13	2
hacpcf_#_credit-fraud-detection-eda_#_14	5
hacpcf_#_credit-fraud-detection-eda_#_15	3
hacpcf_#_credit-fraud-detection-eda_#_16	3
hacpcf_#_credit-fraud-detection-eda_#_17	2
hacpcf_#_credit-fraud-detection-eda_#_18	3
hacpcf_#_credit-fraud-detection-eda_#_19	3
hacpcf_#_credit-fraud-detection-eda_#_20	2
hacpcf_#_credit-fraud-detection-eda_#_21	3
hacpcf_#_credit-fraud-detection-eda_#_22	3
hacpcf_#_credit-fraud-detection-eda_#_23	2
hacpcf_#_credit-fraud-detection-eda_#_24	3
hacpcf_#_credit-fraud-detection-eda_#_25	4
hacpcf_#_credit-fraud-detection-eda_#_26	3
hacpcf_#_credit-fraud-detection-eda_#_27	3
hacpcf_#_credit-fraud-detection-eda_#_28	3
hacpcf_#_credit-fraud-detection-eda_#_29	4
hacpcf_#_credit-fraud-detection-eda_#_30	4
hacpcf_#_credit-fraud-detection-eda_#_31	4
hacpcf_#_credit-fraud-detection-eda_#_32	4
hacpcf_#_credit-fraud-detection-eda_#_33	4
hacpcf_#_credit-fraud-detection-eda_#_34	4
hacpcf_#_credit-fraud-detection-eda_#_35	4
hacpcf_#_credit-fraud-detection-eda_#_36	3
hacpcf_#_credit-fraud-detection-eda_#_37	3
hacpcf_#_credit-fraud-detection-eda_#_38	3
hacpcf_#_credit-fraud-detection-eda_#_39	3
hacpcf_#_credit-fraud-detection-eda_#_40	3
hacpcf_#_credit-fraud-detection-eda_#_41	2
hacpcf_#_credit-fraud-detection-eda_#_42	3
hacpcf_#_credit-fraud-detection-eda_#_43	3
hacpcf_#_credit-fraud-detection-eda_#_44	4
hacpcf_#_credit-fraud-detection-eda_#_45	3
hacpcf_#_credit-fraud-detection-eda_#_46	3
hacpcf_#_credit-fraud-detection-eda_#_47	4
hacpcf_#_credit-fraud-detection-eda_#_48	4
haldos_#_trying-some-classifiers_#_2	1
haldos_#_trying-some-classifiers_#_4	2
haldos_#_trying-some-classifiers_#_5	3
haldos_#_trying-some-classifiers_#_6	4
haldos_#_trying-some-classifiers_#_7	4
haldos_#_trying-some-classifiers_#_8	3
haldos_#_trying-some-classifiers_#_9	4
haldos_#_trying-some-classifiers_#_10	4
haldos_#_trying-some-classifiers_#_11	3
haldos_#_trying-some-classifiers_#_12	4
haldos_#_trying-some-classifiers_#_13	4
haldos_#_trying-some-classifiers_#_14	4
haldos_#_trying-some-classifiers_#_15	4
haldos_#_trying-some-classifiers_#_16	4
haldos_#_trying-some-classifiers_#_17	5
haldos_#_trying-some-classifiers_#_18	2
haldos_#_trying-some-classifiers_#_19	3
haldos_#_trying-some-classifiers_#_20	4
haldos_#_trying-some-classifiers_#_21	4
haldos_#_trying-some-classifiers_#_22	3
haldos_#_trying-some-classifiers_#_23	4
haldos_#_trying-some-classifiers_#_24	4
heisengarg_#_first-date-with-the-dataset_#_2	1
heisengarg_#_first-date-with-the-dataset_#_3	5
heisengarg_#_first-date-with-the-dataset_#_4	2
heisengarg_#_first-date-with-the-dataset_#_5	5
heisengarg_#_first-date-with-the-dataset_#_6	5
heisengarg_#_first-date-with-the-dataset_#_8	5
heisengarg_#_first-date-with-the-dataset_#_10	7
heisengarg_#_more-than-99-fixed-notebook_#_2	1
heisengarg_#_more-than-99-fixed-notebook_#_3	5
heisengarg_#_more-than-99-fixed-notebook_#_4	5
heisengarg_#_more-than-99-fixed-notebook_#_5	7
heisengarg_#_more-than-99-fixed-notebook_#_6	5
heisengarg_#_more-than-99-fixed-notebook_#_8	2
heisengarg_#_more-than-99-fixed-notebook_#_10	5
heisengarg_#_more-than-99-fixed-notebook_#_11	2
heisengarg_#_more-than-99-fixed-notebook_#_12	2
heisengarg_#_more-than-99-fixed-notebook_#_13	2
heisengarg_#_more-than-99-fixed-notebook_#_14	3
heisengarg_#_more-than-99-fixed-notebook_#_15	2
heisengarg_#_more-than-99-fixed-notebook_#_16	4
heisengarg_#_more-than-99-fixed-notebook_#_17	3
heisengarg_#_more-than-99-fixed-notebook_#_19	4
heisengarg_#_more-than-99-fixed-notebook_#_20	3
himanshisingh004_#_credit-card-fraud-detection_#_3	1
himanshisingh004_#_credit-card-fraud-detection_#_4	2
himanshisingh004_#_credit-card-fraud-detection_#_6	5
himanshisingh004_#_credit-card-fraud-detection_#_7	2
himanshisingh004_#_credit-card-fraud-detection_#_8	5
himanshisingh004_#_credit-card-fraud-detection_#_9	5
himanshisingh004_#_credit-card-fraud-detection_#_10	2
himanshisingh004_#_credit-card-fraud-detection_#_11	2
himanshisingh004_#_credit-card-fraud-detection_#_12	3
himanshisingh004_#_credit-card-fraud-detection_#_13	3
himanshutyagi0403_#_cc-fraud-detection_#_3	1
himanshutyagi0403_#_cc-fraud-detection_#_4	2
himanshutyagi0403_#_cc-fraud-detection_#_5	2
himanshutyagi0403_#_cc-fraud-detection_#_6	2
himanshutyagi0403_#_cc-fraud-detection_#_7	5
himanshutyagi0403_#_cc-fraud-detection_#_8	2
himanshutyagi0403_#_cc-fraud-detection_#_9	3
himanshutyagi0403_#_cc-fraud-detection_#_13	3
himanshutyagi0403_#_cc-fraud-detection_#_14	4
hrao768_#_anomaly-detection-using-smote_#_2	2
hrao768_#_anomaly-detection-using-smote_#_3	4
hrao768_#_anomaly-detection-using-smote_#_4	1
hrao768_#_anomaly-detection-using-smote_#_5	2
hrao768_#_anomaly-detection-using-smote_#_6	5
hrao768_#_anomaly-detection-using-smote_#_7	5
hrao768_#_anomaly-detection-using-smote_#_8	2
hrao768_#_anomaly-detection-using-smote_#_9	5
hrao768_#_anomaly-detection-using-smote_#_10	5
hrao768_#_anomaly-detection-using-smote_#_11	2
hrao768_#_anomaly-detection-using-smote_#_12	2
hrao768_#_anomaly-detection-using-smote_#_13	2
hrao768_#_anomaly-detection-using-smote_#_14	2
hrao768_#_anomaly-detection-using-smote_#_15	2
hrao768_#_anomaly-detection-using-smote_#_16	3
hrao768_#_anomaly-detection-using-smote_#_18	3
hrao768_#_anomaly-detection-using-smote_#_19	3
hrao768_#_anomaly-detection-using-smote_#_20	3
hrao768_#_anomaly-detection-using-smote_#_21	2
hrao768_#_anomaly-detection-using-smote_#_22	3
hrao768_#_anomaly-detection-using-smote_#_23	4
hrao768_#_anomaly-detection-using-smote_#_24	4
jayspeidell_#_eda-and-simple-ridge-regression_#_1	6
jayspeidell_#_eda-and-simple-ridge-regression_#_3	1
jayspeidell_#_eda-and-simple-ridge-regression_#_4	5
jayspeidell_#_eda-and-simple-ridge-regression_#_5	2
jayspeidell_#_eda-and-simple-ridge-regression_#_7	5
jayspeidell_#_eda-and-simple-ridge-regression_#_8	5
jayspeidell_#_eda-and-simple-ridge-regression_#_11	5
jayspeidell_#_eda-and-simple-ridge-regression_#_12	5
jayspeidell_#_eda-and-simple-ridge-regression_#_17	5
jayspeidell_#_eda-and-simple-ridge-regression_#_25	2
jayspeidell_#_eda-and-simple-ridge-regression_#_27	2
jayspeidell_#_eda-and-simple-ridge-regression_#_31	2
jayspeidell_#_eda-and-simple-ridge-regression_#_40	2
jayspeidell_#_eda-and-simple-ridge-regression_#_41	3
archelunch_#_naive-catboost_#_1	6
archelunch_#_naive-catboost_#_3	1
archelunch_#_naive-catboost_#_4	2
archelunch_#_naive-catboost_#_6	2
archelunch_#_naive-catboost_#_7	3
archelunch_#_naive-catboost_#_8	3
lp3ides_#_gru-initial-embedding-gensim-v2_#_1	6
lp3ides_#_gru-initial-embedding-gensim-v2_#_2	2
lp3ides_#_gru-initial-embedding-gensim-v2_#_13	3
afetisov_#_mercari-ensemble-regression-hw8_#_2	1
afetisov_#_mercari-ensemble-regression-hw8_#_3	5
afetisov_#_mercari-ensemble-regression-hw8_#_4	5
afetisov_#_mercari-ensemble-regression-hw8_#_5	1
afetisov_#_mercari-ensemble-regression-hw8_#_6	5
afetisov_#_mercari-ensemble-regression-hw8_#_7	5
afetisov_#_mercari-ensemble-regression-hw8_#_9	5
afetisov_#_mercari-ensemble-regression-hw8_#_10	5
afetisov_#_mercari-ensemble-regression-hw8_#_12	2
afetisov_#_mercari-ensemble-regression-hw8_#_13	2
afetisov_#_mercari-ensemble-regression-hw8_#_14	5
afetisov_#_mercari-ensemble-regression-hw8_#_15	5
afetisov_#_mercari-ensemble-regression-hw8_#_16	5
afetisov_#_mercari-ensemble-regression-hw8_#_17	5
afetisov_#_mercari-ensemble-regression-hw8_#_18	5
afetisov_#_mercari-ensemble-regression-hw8_#_19	5
afetisov_#_mercari-ensemble-regression-hw8_#_20	5
afetisov_#_mercari-ensemble-regression-hw8_#_21	5
afetisov_#_mercari-ensemble-regression-hw8_#_25	5
afetisov_#_mercari-ensemble-regression-hw8_#_27	5
afetisov_#_mercari-ensemble-regression-hw8_#_28	2
afetisov_#_mercari-ensemble-regression-hw8_#_29	2
afetisov_#_mercari-ensemble-regression-hw8_#_30	2
afetisov_#_mercari-ensemble-regression-hw8_#_31	5
afetisov_#_mercari-ensemble-regression-hw8_#_33	3
afetisov_#_mercari-ensemble-regression-hw8_#_36	3
afetisov_#_mercari-ensemble-regression-hw8_#_40	3
danieleewww_#_forked-from-only-model-tflearn-13-by-gouthamand_#_4	2
danieleewww_#_forked-from-only-model-tflearn-13-by-gouthamand_#_6	2
danieleewww_#_forked-from-only-model-tflearn-13-by-gouthamand_#_21	3
danieleewww_#_forked-from-only-model-tflearn-13-by-gouthamand_#_22	4
baghern_#_bayesian-optimization-of-ridge-model-0-478_#_1	2
baghern_#_bayesian-optimization-of-ridge-model-0-478_#_7	5
baghern_#_bayesian-optimization-of-ridge-model-0-478_#_8	2
baghern_#_bayesian-optimization-of-ridge-model-0-478_#_9	2
baghern_#_bayesian-optimization-of-ridge-model-0-478_#_13	3
pd8073_#_notebook2915b940ab_#_1	6
pd8073_#_notebook2915b940ab_#_2	1
pd8073_#_notebook2915b940ab_#_3	5
pd8073_#_notebook2915b940ab_#_4	5
pd8073_#_notebook2915b940ab_#_5	6
pd8073_#_notebook2915b940ab_#_8	2
pd8073_#_notebook2915b940ab_#_9	5
pd8073_#_notebook2915b940ab_#_18	2
pd8073_#_notebook2915b940ab_#_19	6
pd8073_#_notebook2915b940ab_#_21	2
pd8073_#_notebook2915b940ab_#_23	3
pd8073_#_notebook2915b940ab_#_24	3
pd8073_#_notebook2915b940ab_#_25	4
knowledgegrappler_#_a-simple-nn-solution-with-keras-0-48611-pl_#_1	6
knowledgegrappler_#_a-simple-nn-solution-with-keras-0-48611-pl_#_3	1
knowledgegrappler_#_a-simple-nn-solution-with-keras-0-48611-pl_#_4	2
knowledgegrappler_#_a-simple-nn-solution-with-keras-0-48611-pl_#_5	5
lucenya_#_mercari-price-nn_#_1	6
lucenya_#_mercari-price-nn_#_2	1
lucenya_#_mercari-price-nn_#_3	5
lucenya_#_mercari-price-nn_#_6	2
lucenya_#_mercari-price-nn_#_7	2
lucenya_#_mercari-price-nn_#_14	2
lucenya_#_mercari-price-nn_#_15	2
lucenya_#_mercari-price-nn_#_17	2
lucenya_#_mercari-price-nn_#_22	2
lucenya_#_mercari-price-nn_#_23	2
lucenya_#_mercari-price-nn_#_25	3
lucenya_#_mercari-price-nn_#_26	3
lucenya_#_mercari-price-nn_#_27	4
pmarciano_#_simple-neural-network-solution_#_1	4
pmarciano_#_simple-neural-network-solution_#_2	1
pmarciano_#_simple-neural-network-solution_#_4	2
pmarciano_#_simple-neural-network-solution_#_7	2
pmarciano_#_simple-neural-network-solution_#_8	2
pmarciano_#_simple-neural-network-solution_#_9	2
pmarciano_#_simple-neural-network-solution_#_10	2
pmarciano_#_simple-neural-network-solution_#_24	6
pmarciano_#_simple-neural-network-solution_#_26	3
pmarciano_#_simple-neural-network-solution_#_27	3
warpri81_#_mercari-first-nn-lb-0-50974_#_1	6
warpri81_#_mercari-first-nn-lb-0-50974_#_2	1
warpri81_#_mercari-first-nn-lb-0-50974_#_3	5
warpri81_#_mercari-first-nn-lb-0-50974_#_4	2
warpri81_#_mercari-first-nn-lb-0-50974_#_11	2
warpri81_#_mercari-first-nn-lb-0-50974_#_16	3
warpri81_#_mercari-first-nn-lb-0-50974_#_19	3
kevingriest_#_simple-ridge-script_#_2	3
grroverpr_#_random-forest-with-tuning-lb-0-52764_#_6	6
grroverpr_#_random-forest-with-tuning-lb-0-52764_#_8	1
grroverpr_#_random-forest-with-tuning-lb-0-52764_#_11	5
grroverpr_#_random-forest-with-tuning-lb-0-52764_#_12	1
grroverpr_#_random-forest-with-tuning-lb-0-52764_#_14	1
grroverpr_#_random-forest-with-tuning-lb-0-52764_#_29	2
grroverpr_#_random-forest-with-tuning-lb-0-52764_#_30	2
grroverpr_#_random-forest-with-tuning-lb-0-52764_#_36	2
grroverpr_#_random-forest-with-tuning-lb-0-52764_#_41	3
grroverpr_#_random-forest-with-tuning-lb-0-52764_#_45	3
grroverpr_#_random-forest-with-tuning-lb-0-52764_#_46	3
grroverpr_#_random-forest-with-tuning-lb-0-52764_#_47	4
larui529_#_xgboost-2-fold-cv-lb-0-52879_#_1	6
larui529_#_xgboost-2-fold-cv-lb-0-52879_#_3	1
larui529_#_xgboost-2-fold-cv-lb-0-52879_#_4	5
larui529_#_xgboost-2-fold-cv-lb-0-52879_#_5	2
larui529_#_xgboost-2-fold-cv-lb-0-52879_#_10	2
larui529_#_xgboost-2-fold-cv-lb-0-52879_#_11	2
larui529_#_xgboost-2-fold-cv-lb-0-52879_#_12	2
larui529_#_xgboost-2-fold-cv-lb-0-52879_#_18	3
shikhar1_#_base-random-forest-lb-532_#_1	6
shikhar1_#_base-random-forest-lb-532_#_4	1
shikhar1_#_base-random-forest-lb-532_#_6	1
shikhar1_#_base-random-forest-lb-532_#_7	5
shikhar1_#_base-random-forest-lb-532_#_8	5
shikhar1_#_base-random-forest-lb-532_#_9	5
shikhar1_#_base-random-forest-lb-532_#_11	5
shikhar1_#_base-random-forest-lb-532_#_20	5
shikhar1_#_base-random-forest-lb-532_#_21	5
shikhar1_#_base-random-forest-lb-532_#_30	2
shikhar1_#_base-random-forest-lb-532_#_39	2
shikhar1_#_base-random-forest-lb-532_#_50	2
shikhar1_#_base-random-forest-lb-532_#_52	3
obi1992_#_xgboost-3_#_1	6
obi1992_#_xgboost-3_#_2	1
obi1992_#_xgboost-3_#_3	5
obi1992_#_xgboost-3_#_5	5
obi1992_#_xgboost-3_#_8	2
obi1992_#_xgboost-3_#_13	2
obi1992_#_xgboost-3_#_31	3
thec03u5_#_basic-random-forest_#_1	6
thec03u5_#_basic-random-forest_#_2	1
thec03u5_#_basic-random-forest_#_3	5
thec03u5_#_basic-random-forest_#_6	2
thec03u5_#_basic-random-forest_#_18	2
thec03u5_#_basic-random-forest_#_19	3
tao416_#_tfidf-xgbregression_#_1	6
tao416_#_tfidf-xgbregression_#_2	6
tao416_#_tfidf-xgbregression_#_3	1
tao416_#_tfidf-xgbregression_#_4	5
tao416_#_tfidf-xgbregression_#_5	5
tao416_#_tfidf-xgbregression_#_6	5
tao416_#_tfidf-xgbregression_#_8	5
tao416_#_tfidf-xgbregression_#_10	2
tao416_#_tfidf-xgbregression_#_20	6
tao416_#_tfidf-xgbregression_#_21	2
tao416_#_tfidf-xgbregression_#_26	2
tao416_#_tfidf-xgbregression_#_30	4
thomastrenner_#_mercari-baseline_#_1	1
thomastrenner_#_mercari-baseline_#_2	2
thomastrenner_#_mercari-baseline_#_10	2
thomastrenner_#_mercari-baseline_#_12	3
divayml_#_eda-for-mercari-price-suggestion-data_#_1	6
divayml_#_eda-for-mercari-price-suggestion-data_#_2	6
divayml_#_eda-for-mercari-price-suggestion-data_#_3	1
divayml_#_eda-for-mercari-price-suggestion-data_#_5	2
divayml_#_eda-for-mercari-price-suggestion-data_#_12	2
divayml_#_eda-for-mercari-price-suggestion-data_#_17	2
divayml_#_eda-for-mercari-price-suggestion-data_#_19	2
divayml_#_eda-for-mercari-price-suggestion-data_#_21	3
alberto33_#_h2o-ai-from-linear-models-to-deep-learning_#_12	3
alberto33_#_h2o-ai-from-linear-models-to-deep-learning_#_13	3
alberto33_#_h2o-ai-from-linear-models-to-deep-learning_#_14	3
alberto33_#_h2o-ai-from-linear-models-to-deep-learning_#_15	4
alberto33_#_h2o-ai-from-linear-models-to-deep-learning_#_16	4
alberto33_#_h2o-ai-from-linear-models-to-deep-learning_#_17	4
alberto33_#_h2o-ai-from-linear-models-to-deep-learning_#_18	3
alberto33_#_h2o-ai-from-linear-models-to-deep-learning_#_19	3
alberto33_#_h2o-ai-from-linear-models-to-deep-learning_#_20	3
alberto33_#_h2o-ai-from-linear-models-to-deep-learning_#_21	3
alberto33_#_h2o-ai-from-linear-models-to-deep-learning_#_22	4
alberto33_#_h2o-ai-from-linear-models-to-deep-learning_#_23	4
alberto33_#_h2o-ai-from-linear-models-to-deep-learning_#_24	3
alberto33_#_h2o-ai-from-linear-models-to-deep-learning_#_25	4
alberto33_#_h2o-ai-from-linear-models-to-deep-learning_#_26	6
alberto33_#_h2o-ai-from-linear-models-to-deep-learning_#_27	3
alberto33_#_h2o-ai-from-linear-models-to-deep-learning_#_28	3
alberto33_#_h2o-ai-from-linear-models-to-deep-learning_#_29	3
alberto33_#_h2o-ai-from-linear-models-to-deep-learning_#_30	3
alberto33_#_h2o-ai-from-linear-models-to-deep-learning_#_31	4
alberto33_#_h2o-ai-from-linear-models-to-deep-learning_#_32	4
alberto33_#_h2o-ai-from-linear-models-to-deep-learning_#_33	6
alberto33_#_h2o-ai-from-linear-models-to-deep-learning_#_34	3
alberto33_#_h2o-ai-from-linear-models-to-deep-learning_#_35	3
alberto33_#_h2o-ai-from-linear-models-to-deep-learning_#_36	3
alberto33_#_h2o-ai-from-linear-models-to-deep-learning_#_37	4
alberto33_#_h2o-ai-from-linear-models-to-deep-learning_#_38	4
alberto33_#_h2o-ai-from-linear-models-to-deep-learning_#_39	3
aleksandrarousi_#_python-makeup-bapt_#_3	1
aleksandrarousi_#_python-makeup-bapt_#_4	1
aleksandrarousi_#_python-makeup-bapt_#_5	2
aleksandrarousi_#_python-makeup-bapt_#_6	5
aleksandrarousi_#_python-makeup-bapt_#_8	2
aleksandrarousi_#_python-makeup-bapt_#_9	5
aleksandrarousi_#_python-makeup-bapt_#_11	2
aleksandrarousi_#_python-makeup-bapt_#_12	2
aleksandrarousi_#_python-makeup-bapt_#_13	2
aleksandrarousi_#_python-makeup-bapt_#_14	2
aleksandrarousi_#_python-makeup-bapt_#_15	2
aleksandrarousi_#_python-makeup-bapt_#_17	2
aleksandrarousi_#_python-makeup-bapt_#_18	2
aleksandrarousi_#_python-makeup-bapt_#_19	5
aleksandrarousi_#_python-makeup-bapt_#_20	2
aleksandrarousi_#_python-makeup-bapt_#_21	2
aleksandrarousi_#_python-makeup-bapt_#_22	5
aleksandrarousi_#_python-makeup-bapt_#_23	2
aleksandrarousi_#_python-makeup-bapt_#_24	5
aleksandrarousi_#_python-makeup-bapt_#_25	5
aleksandrarousi_#_python-makeup-bapt_#_26	2
aleksandrarousi_#_python-makeup-bapt_#_27	5
aleksandrarousi_#_python-makeup-bapt_#_28	5
aleksandrarousi_#_python-makeup-bapt_#_29	5
aleksandrarousi_#_python-makeup-bapt_#_30	5
aleksandrarousi_#_python-makeup-bapt_#_31	5
aleksandrarousi_#_python-makeup-bapt_#_32	2
aleksandrarousi_#_python-makeup-bapt_#_33	2
aleksandrarousi_#_python-makeup-bapt_#_34	2
aleksandrarousi_#_python-makeup-bapt_#_35	2
aleksandrarousi_#_python-makeup-bapt_#_36	2
aleksandrarousi_#_python-makeup-bapt_#_37	3
aleksandrarousi_#_python-makeup-bapt_#_38	3
aleksandrarousi_#_python-makeup-bapt_#_39	7
aleksandrarousi_#_python-makeup-bapt_#_40	4
aleksandrarousi_#_python-makeup-bapt_#_41	4
aleksandrarousi_#_python-makeup-bapt_#_42	4
aleksandrarousi_#_python-makeup-bapt_#_43	4
aleksandrarousi_#_python-makeup-bapt_#_44	2
aleksandrarousi_#_python-makeup-bapt_#_45	3
aleksandrarousi_#_python-makeup-bapt_#_46	4
aleksandrarousi_#_python-makeup-bapt_#_47	4
aleksandrarousi_#_python-makeup-bapt_#_48	2
aleksandrarousi_#_python-makeup-bapt_#_49	2
aleksandrarousi_#_python-makeup-bapt_#_50	3
aleksandrarousi_#_python-makeup-bapt_#_51	4
aleksandrarousi_#_python-makeup-bapt_#_52	3
aleksandrarousi_#_python-makeup-bapt_#_53	3
aleksandrarousi_#_python-makeup-bapt_#_54	4
alexfir_#_expected-gini-standard-error_#_1	2
alexfir_#_expected-gini-standard-error_#_2	3
alexfir_#_expected-gini-standard-error_#_3	3
alexfir_#_expected-gini-standard-error_#_4	4
alexfir_#_expected-gini-standard-error_#_5	4
alexfir_#_target-encoding-using-variance_#_3	2
alexfir_#_target-encoding-using-variance_#_4	4
ameura_#_assuarance-prediction_#_2	1
ameura_#_assuarance-prediction_#_3	5
ameura_#_assuarance-prediction_#_4	2
ameura_#_assuarance-prediction_#_5	5
ameura_#_assuarance-prediction_#_6	5
ameura_#_assuarance-prediction_#_7	2
ameura_#_assuarance-prediction_#_9	5
ameura_#_assuarance-prediction_#_12	5
ameura_#_assuarance-prediction_#_13	3
ameura_#_assuarance-prediction_#_16	2
ameura_#_assuarance-prediction_#_19	3
ameura_#_assuarance-prediction_#_20	4
ameura_#_assuarance-prediction_#_27	3
amit50_#_used-xgboost-novice-learning_#_2	1
amit50_#_used-xgboost-novice-learning_#_3	2
amit50_#_used-xgboost-novice-learning_#_4	5
amit50_#_used-xgboost-novice-learning_#_5	5
amit50_#_used-xgboost-novice-learning_#_6	2
amit50_#_used-xgboost-novice-learning_#_7	5
amit50_#_used-xgboost-novice-learning_#_8	2
amit50_#_used-xgboost-novice-learning_#_9	2
amit50_#_used-xgboost-novice-learning_#_10	2
amit50_#_used-xgboost-novice-learning_#_11	2
amit50_#_used-xgboost-novice-learning_#_12	2
amit50_#_used-xgboost-novice-learning_#_13	3
amit50_#_used-xgboost-novice-learning_#_14	3
anuragmaravi_#_eda-porto-seguro-s-safe-driver-prediction_#_2	1
anuragmaravi_#_eda-porto-seguro-s-safe-driver-prediction_#_3	5
anuragmaravi_#_eda-porto-seguro-s-safe-driver-prediction_#_4	2
anuragmaravi_#_eda-porto-seguro-s-safe-driver-prediction_#_5	2
anuragmaravi_#_eda-porto-seguro-s-safe-driver-prediction_#_6	2
anuragmaravi_#_eda-porto-seguro-s-safe-driver-prediction_#_7	5
anuragmaravi_#_eda-porto-seguro-s-safe-driver-prediction_#_8	5
apoddar2008_#_first-try-in-kaggle-insurance_#_1	1
apoddar2008_#_first-try-in-kaggle-insurance_#_2	2
apoddar2008_#_first-try-in-kaggle-insurance_#_3	3
apoddar2008_#_first-try-in-kaggle-insurance_#_4	3
apoddar2008_#_first-try-in-kaggle-insurance_#_5	3
apoddar2008_#_first-try-in-kaggle-insurance_#_8	2
apoddar2008_#_first-try-in-kaggle-insurance_#_9	2
apoddar2008_#_first-try-in-kaggle-insurance_#_10	3
apoddar2008_#_first-try-in-kaggle-insurance_#_11	2
apoddar2008_#_first-try-in-kaggle-insurance_#_12	3
armamut_#_ps-calc-15-bin-ps-calc-20-bin_#_1	1
armamut_#_ps-calc-15-bin-ps-calc-20-bin_#_2	2
armamut_#_ps-calc-15-bin-ps-calc-20-bin_#_3	5
armamut_#_ps-calc-15-bin-ps-calc-20-bin_#_4	2
armamut_#_ps-calc-15-bin-ps-calc-20-bin_#_5	2
armamut_#_ps-calc-15-bin-ps-calc-20-bin_#_6	2
armamut_#_ps-calc-15-bin-ps-calc-20-bin_#_7	2
armamut_#_ps-calc-15-bin-ps-calc-20-bin_#_8	2
ashishpatel26_#_porto-seguro-s-safe-driver-multimodel_#_2	1
ashishpatel26_#_porto-seguro-s-safe-driver-multimodel_#_3	4
ashishpatel26_#_porto-seguro-s-safe-driver-multimodel_#_4	3
ashishpatel26_#_porto-seguro-s-safe-driver-multimodel_#_5	3
ashishpatel26_#_porto-seguro-s-safe-driver-multimodel_#_6	3
ashishpatel26_#_porto-seguro-s-safe-driver-multimodel_#_8	3
ashishpatel26_#_porto-seguro-s-safe-driver-multimodel_#_9	3
ashishpatel26_#_porto-seguro-s-safe-driver-multimodel_#_10	3
ashishpatel26_#_porto-seguro-s-safe-driver-prediction-xgboost_#_4	2
ashishpatel26_#_porto-seguro-s-safe-driver-prediction-xgboost_#_5	1
ashishpatel26_#_porto-seguro-s-safe-driver-prediction-xgboost_#_7	3
ashishpatel26_#_porto-seguro-s-safe-driver-prediction-xgboost_#_8	2
ashishpatel26_#_porto-seguro-s-safe-driver-prediction-xgboost_#_9	3
ashishpatel26_#_porto-seguro-s-safe-driver-prediction-xgboost_#_10	3
ashishpatel26_#_porto-seguro-s-safe-driver-prediction-xgboost_#_11	3
ashutosh7_#_gbm-oversampling-0-273_#_2	1
ashutosh7_#_gbm-oversampling-0-273_#_3	2
ashutosh7_#_gbm-oversampling-0-273_#_4	4
ashutosh7_#_gbm-oversampling-0-273_#_5	3
ashwinsr321_#_reducing-insurance-burden-on-safe-drivers_#_2	1
ashwinsr321_#_reducing-insurance-burden-on-safe-drivers_#_3	1
ashwinsr321_#_reducing-insurance-burden-on-safe-drivers_#_4	5
ashwinsr321_#_reducing-insurance-burden-on-safe-drivers_#_5	7
ashwinsr321_#_reducing-insurance-burden-on-safe-drivers_#_6	2
ashwinsr321_#_reducing-insurance-burden-on-safe-drivers_#_7	2
ashwinsr321_#_reducing-insurance-burden-on-safe-drivers_#_8	5
ashwinsr321_#_reducing-insurance-burden-on-safe-drivers_#_9	5
ashwinsr321_#_reducing-insurance-burden-on-safe-drivers_#_10	2
ashwinsr321_#_reducing-insurance-burden-on-safe-drivers_#_11	5
ashwinsr321_#_reducing-insurance-burden-on-safe-drivers_#_12	2
ashwinsr321_#_reducing-insurance-burden-on-safe-drivers_#_13	5
ashwinsr321_#_reducing-insurance-burden-on-safe-drivers_#_14	5
ashwinsr321_#_reducing-insurance-burden-on-safe-drivers_#_15	2
ashwinsr321_#_reducing-insurance-burden-on-safe-drivers_#_16	2
ashwinsr321_#_reducing-insurance-burden-on-safe-drivers_#_17	3
ashwinsr321_#_reducing-insurance-burden-on-safe-drivers_#_18	3
ashwinsr321_#_reducing-insurance-burden-on-safe-drivers_#_19	3
asindico_#_porto-seguro-feature-analysis_#_2	1
asindico_#_porto-seguro-feature-analysis_#_3	1
asindico_#_porto-seguro-feature-analysis_#_5	2
asindico_#_porto-seguro-feature-analysis_#_6	3
asindico_#_porto-seguro-feature-analysis_#_7	3
asindico_#_porto-seguro-feature-analysis_#_8	3
asindico_#_porto-seguro-feature-analysis_#_9	3
asindico_#_porto-seguro-feature-analysis_#_10	4
asindico_#_porto-seguro-feature-analysis_#_11	2
asindico_#_porto-seguro-feature-analysis_#_12	2
asindico_#_porto-seguro-feature-analysis_#_13	5
asindico_#_porto-seguro-feature-analysis_#_14	2
asindico_#_porto-seguro-feature-analysis_#_15	2
asindico_#_porto-seguro-feature-analysis_#_16	2
asindico_#_porto-seguro-feature-analysis_#_17	2
asindico_#_porto-seguro-feature-analysis_#_18	2
asindico_#_porto-seguro-the-essential-kickstarter_#_2	1
asindico_#_porto-seguro-the-essential-kickstarter_#_6	2
asindico_#_porto-seguro-the-essential-kickstarter_#_7	2
asindico_#_porto-seguro-the-essential-kickstarter_#_8	2
asindico_#_porto-seguro-the-essential-kickstarter_#_9	5
asindico_#_porto-seguro-the-essential-kickstarter_#_10	2
asindico_#_why-such-a-low-score-with-nn_#_2	1
asindico_#_why-such-a-low-score-with-nn_#_6	2
asindico_#_why-such-a-low-score-with-nn_#_13	1
asindico_#_why-such-a-low-score-with-nn_#_14	2
asindico_#_why-such-a-low-score-with-nn_#_15	3
asindico_#_why-such-a-low-score-with-nn_#_17	3
axelderomblay_#_running-mlbox-auto-ml-package-porto-seguro_#_3	3
axelderomblay_#_running-mlbox-auto-ml-package-porto-seguro_#_4	2
axelderomblay_#_running-mlbox-auto-ml-package-porto-seguro_#_5	2
axelderomblay_#_running-mlbox-auto-ml-package-porto-seguro_#_6	3
axelderomblay_#_running-mlbox-auto-ml-package-porto-seguro_#_7	3
bhuvaneshwaran_#_porto-seguro-s-random-forest-classifier_#_2	1
bhuvaneshwaran_#_porto-seguro-s-random-forest-classifier_#_3	1
bhuvaneshwaran_#_porto-seguro-s-random-forest-classifier_#_4	2
bhuvaneshwaran_#_porto-seguro-s-random-forest-classifier_#_5	2
bhuvaneshwaran_#_porto-seguro-s-random-forest-classifier_#_8	2
bhuvaneshwaran_#_porto-seguro-s-random-forest-classifier_#_9	3
bhuvaneshwaran_#_porto-seguro-s-random-forest-classifier_#_10	2
bhuvaneshwaran_#_porto-seguro-s-random-forest-classifier_#_11	2
bhuvaneshwaran_#_porto-seguro-s-random-forest-classifier_#_12	3
bhuvaneshwaran_#_porto-seguro-s-random-forest-classifier_#_13	3
bhuvaneshwaran_#_porto-seguro-s-random-forest-classifier_#_14	4
briwill_#_safe-driver-eda-and-preliminary-feature-selection_#_2	1
briwill_#_safe-driver-eda-and-preliminary-feature-selection_#_3	2
briwill_#_safe-driver-eda-and-preliminary-feature-selection_#_4	5
briwill_#_safe-driver-eda-and-preliminary-feature-selection_#_5	2
briwill_#_safe-driver-eda-and-preliminary-feature-selection_#_6	2
briwill_#_safe-driver-eda-and-preliminary-feature-selection_#_7	5
briwill_#_safe-driver-eda-and-preliminary-feature-selection_#_8	2
briwill_#_safe-driver-eda-and-preliminary-feature-selection_#_9	2
briwill_#_safe-driver-eda-and-preliminary-feature-selection_#_10	5
briwill_#_safe-driver-eda-and-preliminary-feature-selection_#_11	2
briwill_#_safe-driver-eda-and-preliminary-feature-selection_#_12	2
briwill_#_safe-driver-eda-and-preliminary-feature-selection_#_13	5
briwill_#_safe-driver-eda-and-preliminary-feature-selection_#_14	2
briwill_#_safe-driver-eda-and-preliminary-feature-selection_#_15	2
briwill_#_safe-driver-eda-and-preliminary-feature-selection_#_16	2
briwill_#_safe-driver-eda-and-preliminary-feature-selection_#_17	2
briwill_#_safe-driver-eda-and-preliminary-feature-selection_#_18	2
briwill_#_safe-driver-eda-and-preliminary-feature-selection_#_19	5
briwill_#_safe-driver-eda-and-preliminary-feature-selection_#_20	2
briwill_#_safe-driver-eda-and-preliminary-feature-selection_#_21	2
briwill_#_safe-driver-eda-and-preliminary-feature-selection_#_22	2
briwill_#_safe-driver-eda-and-preliminary-feature-selection_#_23	2
tharindudr_#_naive-xgb_#_1	1
tharindudr_#_naive-xgb_#_3	3
tharindudr_#_naive-xgb_#_4	3
tharindudr_#_naive-xgb_#_6	3
tharindudr_#_naive-xgb_#_7	4
tharindudr_#_naive-xgb_#_8	3
timhenry_#_data-discovery-rolling-average-etc_#_3	1
timhenry_#_data-discovery-rolling-average-etc_#_4	5
timhenry_#_data-discovery-rolling-average-etc_#_5	2
timhenry_#_data-discovery-rolling-average-etc_#_6	5
timhenry_#_data-discovery-rolling-average-etc_#_7	5
timhenry_#_data-discovery-rolling-average-etc_#_8	5
timhenry_#_data-discovery-rolling-average-etc_#_9	1
timhenry_#_data-discovery-rolling-average-etc_#_10	5
timhenry_#_data-discovery-rolling-average-etc_#_11	5
timhenry_#_data-discovery-rolling-average-etc_#_12	5
timhenry_#_data-discovery-rolling-average-etc_#_13	5
timhenry_#_data-discovery-rolling-average-etc_#_14	5
timhenry_#_data-discovery-rolling-average-etc_#_15	5
timhenry_#_data-discovery-rolling-average-etc_#_16	5
timhenry_#_data-discovery-rolling-average-etc_#_17	5
timhenry_#_data-discovery-rolling-average-etc_#_18	5
timhenry_#_data-discovery-rolling-average-etc_#_19	5
timhenry_#_data-discovery-rolling-average-etc_#_20	5
timhenry_#_data-discovery-rolling-average-etc_#_21	5
timhenry_#_data-discovery-rolling-average-etc_#_22	5
timhenry_#_data-discovery-rolling-average-etc_#_23	5
timhenry_#_data-discovery-rolling-average-etc_#_24	5
timhenry_#_macroeconomic-analysis_#_2	1
timhenry_#_macroeconomic-analysis_#_3	5
timhenry_#_macroeconomic-analysis_#_4	5
timhenry_#_macroeconomic-analysis_#_5	5
timhenry_#_macroeconomic-analysis_#_6	7
timhenry_#_macroeconomic-analysis_#_7	5
timhenry_#_macroeconomic-analysis_#_8	5
timhenry_#_macroeconomic-analysis_#_9	5
timhenry_#_macroeconomic-analysis_#_10	1
timhenry_#_macroeconomic-analysis_#_11	5
timhenry_#_macroeconomic-analysis_#_12	5
timhenry_#_macroeconomic-analysis_#_13	5
timhenry_#_macroeconomic-analysis_#_14	5
timhenry_#_macroeconomic-analysis_#_15	5
timhenry_#_naive-xgb-lb-0-317-efg_#_4	1
timhenry_#_naive-xgb-lb-0-317-efg_#_5	2
timhenry_#_naive-xgb-lb-0-317-efg_#_7	5
timhenry_#_naive-xgb-lb-0-317-efg_#_8	2
timhenry_#_naive-xgb-lb-0-317-efg_#_9	2
timhenry_#_naive-xgb-lb-0-317-efg_#_10	2
timhenry_#_naive-xgb-lb-0-317-efg_#_11	2
timhenry_#_naive-xgb-lb-0-317-efg_#_12	3
timhenry_#_naive-xgb-lb-0-317-efg_#_13	4
timhenry_#_naive-xgb-lb-0-317-efg_#_14	4
timhenry_#_naive-xgb-lb-0-317-efg_#_15	3
timhenry_#_naive-xgb-lb-0-317-efg_#_16	4
timhenry_#_naive-xgb-lb-0-317-efg_#_17	3
timhenry_#_notebook26f0964995_#_1	2
timhenry_#_notebook26f0964995_#_2	7
timhenry_#_notebook26f0964995_#_3	5
timhenry_#_notebook26f0964995_#_4	5
timhenry_#_notebook26f0964995_#_5	5
timhenry_#_notebook26f0964995_#_6	5
timhenry_#_notebook2700031266_#_3	1
timhenry_#_notebook2700031266_#_4	5
timhenry_#_notebook2700031266_#_5	5
timhenry_#_notebook2700031266_#_6	5
timhenry_#_notebook2700031266_#_7	5
timhenry_#_notebook2700031266_#_8	5
timhenry_#_notebook2700031266_#_9	5
timhenry_#_notebook2700031266_#_10	5
timhenry_#_notebook2700031266_#_11	5
timhenry_#_notebook41892e3614_#_1	1
timhenry_#_notebook41892e3614_#_3	1
timhenry_#_notebook41892e3614_#_4	2
timhenry_#_notebook41892e3614_#_5	2
timhenry_#_notebook41892e3614_#_6	2
timhenry_#_notebook41892e3614_#_7	2
timhenry_#_notebook41892e3614_#_8	3
timhenry_#_notebook41892e3614_#_9	4
timhenry_#_notebook41892e3614_#_10	4
timhenry_#_notebook41892e3614_#_11	4
timhenry_#_notebook41892e3614_#_12	4
timhenry_#_notebook41892e3614_#_13	3
timmyy_#_merge-order-para-tuning_#_4	5
tingtingdan_#_fork-of-feature-engineering-validation-strategy_#_3	2
tingtingdan_#_fork-of-feature-engineering-validation-strategy_#_4	2
tingtingdan_#_fork-of-feature-engineering-validation-strategy_#_5	2
tingtingdan_#_fork-of-feature-engineering-validation-strategy_#_6	2
tingtingdan_#_fork-of-feature-engineering-validation-strategy_#_7	2
tingtingdan_#_fork-of-feature-engineering-validation-strategy_#_8	2
tingtingdan_#_fork-of-feature-engineering-validation-strategy_#_9	2
tingtingdan_#_fork-of-feature-engineering-validation-strategy_#_10	2
tingtingdan_#_fork-of-feature-engineering-validation-strategy_#_11	2
tingtingdan_#_fork-of-feature-engineering-validation-strategy_#_12	2
tingtingdan_#_fork-of-feature-engineering-validation-strategy_#_13	2
tingtingdan_#_fork-of-feature-engineering-validation-strategy_#_14	2
tingtingdan_#_fork-of-feature-engineering-validation-strategy_#_15	2
tingtingdan_#_fork-of-feature-engineering-validation-strategy_#_16	3
tingtingdan_#_fork-of-feature-engineering-validation-strategy_#_17	4
uditsaini_#_sberbank-eda_#_2	1
uditsaini_#_sberbank-eda_#_3	5
uditsaini_#_sberbank-eda_#_4	5
uditsaini_#_sberbank-eda_#_5	5
uditsaini_#_sberbank-eda_#_6	5
uditsaini_#_sberbank-eda_#_7	2
uditsaini_#_sberbank-eda_#_8	5
uditsaini_#_sberbank-eda_#_9	5
uditsaini_#_sberbank-eda_#_10	5
uditsaini_#_sberbank-eda_#_11	2
uditsaini_#_sberbank-eda_#_12	2
uditsaini_#_sberbank-eda_#_13	2
uditsaini_#_sberbank-eda_#_15	2
uditsaini_#_sberbank-eda_#_16	5
uditsaini_#_sberbank-eda_#_17	5
uditsaini_#_sberbank-eda_#_18	5
uditsaini_#_sberbank-eda_#_19	5
uditsaini_#_sberbank-eda_#_20	5
uditsaini_#_sberbank-eda_#_21	5
uditsaini_#_sberbank-eda_#_22	5
uditsaini_#_sberbank-eda_#_23	5
uditsaini_#_sberbank-eda_#_24	5
uditsaini_#_sberbank-eda_#_25	5
uditsaini_#_sberbank-eda_#_26	5
uditsaini_#_sberbank-eda_#_27	5
uditsaini_#_sberbank-eda_#_28	5
uditsaini_#_sberbank-eda_#_29	5
uditsaini_#_sberbank-eda_#_30	5
uditsaini_#_sberbank-eda_#_31	5
uditsaini_#_sberbank-eda_#_32	5
uditsaini_#_sberbank-eda_#_33	3
valadi_#_probabilistic-version-of-small-improvements_#_2	3
valadi_#_probabilistic-version-of-small-improvements_#_3	3
valadi_#_probabilistic-version-of-small-improvements_#_4	3
valadi_#_probabilistic-version-of-small-improvements_#_6	2
valadi_#_probabilistic-version-of-small-improvements_#_7	2
valadi_#_probabilistic-version-of-small-improvements_#_8	2
valadi_#_probabilistic-version-of-small-improvements_#_9	2
valadi_#_probabilistic-version-of-small-improvements_#_10	2
valadi_#_probabilistic-version-of-small-improvements_#_11	2
valadi_#_probabilistic-version-of-small-improvements_#_13	2
valadi_#_probabilistic-version-of-small-improvements_#_14	2
valadi_#_probabilistic-version-of-small-improvements_#_15	2
valadi_#_probabilistic-version-of-small-improvements_#_16	2
valadi_#_probabilistic-version-of-small-improvements_#_17	2
valadi_#_probabilistic-version-of-small-improvements_#_18	2
venheads_#_catboost-67-th-place-on-private_#_9	3
veselovmark_#_basic-time-series-analysis-feature-selection_#_4	5
veselovmark_#_basic-time-series-analysis-feature-selection_#_5	5
veselovmark_#_basic-time-series-analysis-feature-selection_#_6	5
veselovmark_#_basic-time-series-analysis-feature-selection_#_7	5
veselovmark_#_basic-time-series-analysis-feature-selection_#_8	5
veselovmark_#_basic-time-series-analysis-feature-selection_#_9	2
veselovmark_#_basic-time-series-analysis-feature-selection_#_10	2
veselovmark_#_basic-time-series-analysis-feature-selection_#_11	2
veselovmark_#_basic-time-series-analysis-feature-selection_#_12	2
veselovmark_#_basic-time-series-analysis-feature-selection_#_13	2
veselovmark_#_basic-time-series-analysis-feature-selection_#_14	2
veselovmark_#_basic-time-series-analysis-feature-selection_#_15	7
veselovmark_#_basic-time-series-analysis-feature-selection_#_16	2
veselovmark_#_basic-time-series-analysis-feature-selection_#_17	3
veselovmark_#_basic-time-series-analysis-feature-selection_#_18	4
veselovmark_#_basic-time-series-analysis-feature-selection_#_19	4
vinay10949_#_genetic-programming-using-reynaldo-sijo-code_#_3	1
vinay10949_#_genetic-programming-using-reynaldo-sijo-code_#_4	3
vinay10949_#_genetic-programming-using-reynaldo-sijo-code_#_5	2
vinay10949_#_genetic-programming-using-reynaldo-sijo-code_#_6	3
vinay10949_#_genetic-programming-using-reynaldo-sijo-code_#_7	4
viveksrinivasan_#_eda-focus-on-missing-values-and-simple-xgb_#_2	1
viveksrinivasan_#_eda-focus-on-missing-values-and-simple-xgb_#_3	5
viveksrinivasan_#_eda-focus-on-missing-values-and-simple-xgb_#_4	5
viveksrinivasan_#_eda-focus-on-missing-values-and-simple-xgb_#_5	5
viveksrinivasan_#_eda-focus-on-missing-values-and-simple-xgb_#_6	5
viveksrinivasan_#_eda-focus-on-missing-values-and-simple-xgb_#_7	2
viveksrinivasan_#_eda-focus-on-missing-values-and-simple-xgb_#_8	2
viveksrinivasan_#_eda-focus-on-missing-values-and-simple-xgb_#_9	2
viveksrinivasan_#_eda-focus-on-missing-values-and-simple-xgb_#_10	2
viveksrinivasan_#_eda-focus-on-missing-values-and-simple-xgb_#_11	2
viveksrinivasan_#_eda-focus-on-missing-values-and-simple-xgb_#_12	2
viveksrinivasan_#_eda-focus-on-missing-values-and-simple-xgb_#_13	3
viveksrinivasan_#_eda-focus-on-missing-values-and-simple-xgb_#_14	3
viveksrinivasan_#_eda-focus-on-missing-values-and-simple-xgb_#_15	4
viveksrinivasan_#_eda-focus-on-missing-values-and-simple-xgb_#_16	4
vladvaduva_#_first-attempt-with-random-forrests_#_2	1
vladvaduva_#_first-attempt-with-random-forrests_#_3	2
vladvaduva_#_first-attempt-with-random-forrests_#_4	2
vladvaduva_#_first-attempt-with-random-forrests_#_5	2
vladvaduva_#_first-attempt-with-random-forrests_#_6	7
vladvaduva_#_first-attempt-with-random-forrests_#_7	2
vladvaduva_#_first-attempt-with-random-forrests_#_8	2
vladvaduva_#_first-attempt-with-random-forrests_#_9	2
vladvaduva_#_first-attempt-with-random-forrests_#_10	2
vladvaduva_#_first-attempt-with-random-forrests_#_11	2
vladvaduva_#_first-attempt-with-random-forrests_#_12	3
vladvaduva_#_first-attempt-with-random-forrests_#_13	3
web8341_#_sberbank-russian-housing-market-v1-dave-w_#_3	1
web8341_#_sberbank-russian-housing-market-v1-dave-w_#_4	2
web8341_#_sberbank-russian-housing-market-v1-dave-w_#_5	2
web8341_#_sberbank-russian-housing-market-v1-dave-w_#_9	2
web8341_#_sberbank-russian-housing-market-v1-dave-w_#_10	2
web8341_#_sberbank-russian-housing-market-v1-dave-w_#_11	2
web8341_#_sberbank-russian-housing-market-v1-dave-w_#_13	2
web8341_#_sberbank-russian-housing-market-v1-dave-w_#_14	2
web8341_#_sberbank-russian-housing-market-v1-dave-w_#_15	2
web8341_#_sberbank-russian-housing-market-v1-dave-w_#_16	2
web8341_#_sberbank-russian-housing-market-v1-dave-w_#_17	2
web8341_#_sberbank-russian-housing-market-v1-dave-w_#_26	3
web8341_#_sberbank-russian-housing-market-v1-dave-w_#_27	4
web8341_#_sberbank-russian-housing-market-v1-dave-w_#_28	4
web8341_#_sberbank-russian-housing-market-v1-dave-w_#_30	3
web8341_#_sberbank-russian-housing-market-v1-dave-w_#_31	4
web8341_#_sberbank-russian-housing-market-v1-dave-w_#_32	3
web8341_#_sberbank-russian-housing-market-v1-dave-w_#_34	3
web8341_#_sberbank-russian-housing-market-v1-dave-w_#_35	4
dromosys_#_fast-ai-pytorch-starter-corr-removed_#_36	0
abimannan_#_home-value-prediction-light_#_1	6
abimannan_#_home-value-prediction-light_#_2	1
abimannan_#_home-value-prediction-light_#_3	5
abimannan_#_home-value-prediction-light_#_4	5
abimannan_#_home-value-prediction-light_#_5	5
abimannan_#_home-value-prediction-light_#_6	2
abimannan_#_home-value-prediction-light_#_7	5
abimannan_#_home-value-prediction-light_#_8	5
abimannan_#_home-value-prediction-light_#_9	2
debmishra_#_base-lgb-more-featuresv1-6_#_4	1
debmishra_#_base-lgb-more-featuresv1-6_#_5	5
debmishra_#_base-lgb-more-featuresv1-6_#_6	5
debmishra_#_base-lgb-more-featuresv1-6_#_7	2
debmishra_#_base-lgb-more-featuresv1-6_#_8	5
debmishra_#_base-lgb-more-featuresv1-6_#_9	5
debmishra_#_base-lgb-more-featuresv1-6_#_10	5
debmishra_#_base-lgb-more-featuresv1-6_#_11	5
debmishra_#_base-lgb-more-featuresv1-6_#_12	5
debmishra_#_base-lgb-more-featuresv1-6_#_13	5
mahsan42292_#_home-credit-default-risk-competition_#_1	6
mahsan42292_#_home-credit-default-risk-competition_#_3	1
mahsan42292_#_home-credit-default-risk-competition_#_4	1
mahsan42292_#_home-credit-default-risk-competition_#_5	5
mahsan42292_#_home-credit-default-risk-competition_#_6	5
mahsan42292_#_home-credit-default-risk-competition_#_7	2
mahsan42292_#_home-credit-default-risk-competition_#_8	5
mahsan42292_#_home-credit-default-risk-competition_#_9	5